{"packages/cupertino_icons/assets/CupertinoIcons.ttf":["packages/cupertino_icons/assets/CupertinoIcons.ttf"],"assets/fonts/K2D-Bold.ttf":["assets/fonts/K2D-Bold.ttf"],"assets/fonts/K2D-BoldItalic.ttf":["assets/fonts/K2D-BoldItalic.ttf"],"assets/fonts/K2D-ExtraBold.ttf":["assets/fonts/K2D-ExtraBold.ttf"],"assets/fonts/K2D-ExtraBoldItalic.ttf":["assets/fonts/K2D-ExtraBoldItalic.ttf"],"assets/fonts/K2D-ExtraLight.ttf":["assets/fonts/K2D-ExtraLight.ttf"],"assets/fonts/K2D-ExtraLightItalic.ttf":["assets/fonts/K2D-ExtraLightItalic.ttf"],"assets/fonts/K2D-Italic.ttf":["assets/fonts/K2D-Italic.ttf"],"assets/fonts/K2D-Light.ttf":["assets/fonts/K2D-Light.ttf"],"assets/fonts/K2D-LightItalic.ttf":["assets/fonts/K2D-LightItalic.ttf"],"assets/fonts/K2D-Medium.ttf":["assets/fonts/K2D-Medium.ttf"],"assets/fonts/K2D-MediumItalic.ttf":["assets/fonts/K2D-MediumItalic.ttf"],"assets/fonts/K2D-Regular.ttf":["assets/fonts/K2D-Regular.ttf"],"assets/fonts/K2D-SemiBold.ttf":["assets/fonts/K2D-SemiBold.ttf"],"assets/fonts/K2D-SemiBoldItalic.ttf":["assets/fonts/K2D-SemiBoldItalic.ttf"],"assets/fonts/K2D-Thin.ttf":["assets/fonts/K2D-Thin.ttf"],"assets/fonts/K2D-ThinItalic.ttf":["assets/fonts/K2D-ThinItalic.ttf"],"assets/images/information/amphawan-1.png":["assets/images/information/amphawan-1.png"],"assets/images/information/amphawan.png":["assets/images/information/amphawan.png"],"assets/images/bg/bg.png":["assets/images/bg/bg.png"],"packages/font_awesome_flutter/lib/fonts/fa-brands-400.ttf":["packages/font_awesome_flutter/lib/fonts/fa-brands-400.ttf"],"packages/font_awesome_flutter/lib/fonts/fa-regular-400.ttf":["packages/font_awesome_flutter/lib/fonts/fa-regular-400.ttf"],"packages/font_awesome_flutter/lib/fonts/fa-solid-900.ttf":["packages/font_awesome_flutter/lib/fonts/fa-solid-900.ttf"],"assets/images/logo/facebook.png":["assets/images/logo/facebook.png"],"assets/images/logo/google.png":["assets/images/logo/google.png"],"assets/images/bg/home_bg.png":["assets/images/bg/home_bg.png"],"assets/images/icon/icon-list.png":["assets/images/icon/icon-list.png"],"assets/images/icon/icon1.png":["assets/images/icon/icon1.png"],"assets/images/icon/icon2.png":["assets/images/icon/icon2.png"],"assets/images/icon/icon3.png":["assets/images/icon/icon3.png"],"assets/images/information/jd.png":["assets/images/information/jd.png"],"assets/images/logo/line.png":["assets/images/logo/line.png"],"assets/images/logo/logo.png":["assets/images/logo/logo.png"],"assets/images/information/mang.png":["assets/images/information/mang.png"],"assets/images/information/reparation.png":["assets/images/information/reparation.png"],"assets/images/tst/tst_2.png":["assets/images/tst/tst_2.png"],"assets/images/tst/tst_3.png":["assets/images/tst/tst_3.png"],"assets/images/tst/tst_4.png":["assets/images/tst/tst_4.png"],"assets/images/tst/tst_5.png":["assets/images/tst/tst_5.png"],"assets/images/tst/tst_banner.png":["assets/images/tst/tst_banner.png"],"assets/images/information/wat1.png":["assets/images/information/wat1.png"]}