[{"family":"MaterialIcons","fonts":[{"asset":"fonts/MaterialIcons-Regular.ttf"}]},{"family":"K2D","fonts":[{"asset":"assets/fonts/K2D-Bold.ttf"},{"asset":"assets/fonts/K2D-BoldItalic.ttf"},{"asset":"assets/fonts/K2D-ExtraBold.ttf"},{"asset":"assets/fonts/K2D-ExtraBoldItalic.ttf"},{"asset":"assets/fonts/K2D-ExtraLight.ttf"},{"asset":"assets/fonts/K2D-ExtraLightItalic.ttf"},{"asset":"assets/fonts/K2D-Italic.ttf"},{"asset":"assets/fonts/K2D-Light.ttf"},{"asset":"assets/fonts/K2D-LightItalic.ttf"},{"asset":"assets/fonts/K2D-Medium.ttf"},{"asset":"assets/fonts/K2D-MediumItalic.ttf"},{"asset":"assets/fonts/K2D-Regular.ttf"},{"asset":"assets/fonts/K2D-SemiBold.ttf"},{"asset":"assets/fonts/K2D-SemiBoldItalic.ttf"},{"asset":"assets/fonts/K2D-Thin.ttf"},{"asset":"assets/fonts/K2D-ThinItalic.ttf"}]},{"family":"packages/cupertino_icons/CupertinoIcons","fonts":[{"asset":"packages/cupertino_icons/assets/CupertinoIcons.ttf"}]},{"family":"packages/font_awesome_flutter/FontAwesomeBrands","fonts":[{"weight":400,"asset":"packages/font_awesome_flutter/lib/fonts/fa-brands-400.ttf"}]},{"family":"packages/font_awesome_flutter/FontAwesomeRegular","fonts":[{"weight":400,"asset":"packages/font_awesome_flutter/lib/fonts/fa-regular-400.ttf"}]},{"family":"packages/font_awesome_flutter/FontAwesomeSolid","fonts":[{"weight":900,"asset":"packages/font_awesome_flutter/lib/fonts/fa-solid-900.ttf"}]}]